id,SSN,first_name,last_name,email,gender,phone_number,street,street_number,city,country
1,484-97-3669,Sawyer,Gannon,sgannon0@angelfire.com,Male,823-879-0558,Thierer,01250,Sydney,Australia
2,776-97-0801,Blair,Rubinfeld,brubinfeld1@europa.eu,Female,252-740-1588,Vahlen,6,Hobart,Australia
3,462-20-3505,Benoit,Tooting,btooting2@usda.gov,Male,156-511-7634,Sloan,6,Sydney,Australia
4,827-17-8065,Morse,De La Haye,mdelahaye3@trellian.com,Male,511-690-7296,Mallory,0,Sydney,Australia
5,664-94-4158,Pauly,O'Hannay,pohannay4@dailymail.co.uk,Genderqueer,278-122-5149,Ryan,41565,Hobart,Australia
6,473-92-2173,Kendall,Brownfield,kbrownfield5@newsvine.com,Male,162-393-2333,Cottonwood,320,Hobart,Australia
7,884-38-3542,Frank,Stocks,fstocks6@privacy.gov.au,Polygender,270-770-8475,Talmadge,25,Sydney,Australia
8,276-64-0016,Hamil,Ferandez,hferandez7@google.com.br,Male,898-110-0551,Northfield,3900,Sydney,Australia
9,178-82-4865,Irita,Ramey,iramey8@sciencedaily.com,Female,704-992-7232,Steensland,27,Sydney,Australia
10,266-07-5848,Dannel,Jahnke,djahnke9@furl.net,Non-binary,347-903-6095,Fordem,09,Sydney,Australia
11,653-73-2887,Gerrie,Dyte,gdytea@lulu.com,Male,570-666-9894,Center,99961,Sydney,Australia
12,643-85-8364,Christen,Busfield,cbusfieldb@ca.gov,Female,993-581-0767,Center,77,Sydney,Australia
13,814-47-7782,Johnette,Sherman,jshermanc@soundcloud.com,Genderfluid,273-345-1878,Northland,426,Sydney,Australia
14,127-07-1934,Jacinta,Pawlata,jpawlatad@washington.edu,Genderfluid,852-776-0044,Superior,69,Sydney,Australia
15,751-79-3881,Alisa,Wintersgill,awintersgille@patch.com,Female,858-548-2591,Hoepker,73335,Perth,Australia
16,857-48-4236,Bari,Alenov,balenovf@unesco.org,Female,363-437-1218,Hudson,13598,Adelaide Mail Centre,Australia
17,616-64-4164,Alex,Garmston,agarmstong@uol.com.br,Agender,617-938-0719,Sheridan,7340,Sydney,Australia
18,533-01-1119,Tyson,Kristoffersson,tkristofferssonh@addthis.com,Male,446-515-8307,Autumn Leaf,39,Adelaide,Australia
19,322-84-0335,Dimitri,Barttrum,dbarttrumi@storify.com,Male,479-181-8986,Brown,629,Adelaide Mail Centre,Australia
20,652-85-6112,Armstrong,Vidyapin,avidyapinj@cyberchimps.com,Male,306-436-6375,Eagan,96441,Sydney,Australia
21,183-60-8437,Roch,Bowerbank,rbowerbankk@imdb.com,Female,368-519-3691,Superior,4330,Hobart,Australia
22,452-71-0670,Jaquith,Woolfoot,jwoolfootl@is.gd,Female,727-941-3264,Heffernan,237,Melbourne,Australia
23,776-52-9204,Fina,Learmouth,flearmouthm@desdev.cn,Female,792-837-5220,Rigney,1759,Adelaide Mail Centre,Australia
24,816-07-9951,Corri,Le Blanc,cleblancn@businessweek.com,Female,200-176-9658,Luster,0,Perth,Australia
25,423-59-5269,Ravid,Rennolds,rrennoldso@weibo.com,Agender,173-833-2803,Grayhawk,3245,Brisbane,Australia
26,592-89-3532,Lavina,Golds,lgoldsp@tmall.com,Genderfluid,531-891-9880,Monument,12,Adelaide Mail Centre,Australia
27,500-80-0113,Charmian,Sterman,cstermanq@senate.gov,Female,157-371-7920,Morningstar,092,Australia Square,Australia
28,137-59-6823,Kelley,Bernardotti,kbernardottir@cyberchimps.com,Non-binary,420-515-5914,Ludington,921,Sydney,Australia
29,604-17-4858,Noelyn,Folling,nfollings@wordpress.com,Female,743-158-4367,Hovde,17,Sydney,Australia
30,722-67-8736,Stanislas,Gantlett,sgantlettt@cam.ac.uk,Male,574-718-0258,Waxwing,2532,Australia Square,Australia
31,652-88-6983,Morris,Veregan,mvereganu@prnewswire.com,Male,325-412-7539,Gina,3564,Sydney,Australia
32,381-51-7467,Pippy,Raffon,praffonv@gmpg.org,Female,505-242-1491,Hermina,88462,Sydney South,Australia
33,726-98-9896,Ted,Laytham,tlaythamw@statcounter.com,Female,528-541-8004,Sachtjen,6,Perth,Australia
34,316-16-8079,Morten,Dreng,mdrengx@blog.com,Male,875-794-7400,Ramsey,9,Launceston,Australia
35,506-40-7881,Tremayne,Jeacock,tjeacocky@cafepress.com,Male,385-456-6340,Raven,12,Sydney,Australia
36,114-77-8561,Torrey,Easbie,teasbiez@google.fr,Male,232-687-9683,Main,1,Adelaide,Australia
37,844-81-0333,Ondrea,Burgisi,oburgisi10@ca.gov,Female,413-365-9791,Hazelcrest,06,Sydney,Australia
38,395-96-3422,Arline,Rosin,arosin11@dell.com,Genderqueer,687-248-3252,Division,62,Sydney,Australia
39,610-96-4049,Jolee,Eastmead,jeastmead12@ning.com,Female,855-675-3371,Lukken,9,Launceston,Australia
40,114-49-3228,Filippa,Bimrose,fbimrose13@globo.com,Female,544-376-2022,Kropf,461,Strawberry Hills,Australia
41,508-38-2534,Selby,Cramp,scramp14@ocn.ne.jp,Male,604-720-5398,8th,4187,Sydney,Australia
42,685-29-3762,Sisile,Elsie,selsie15@sohu.com,Female,949-928-7955,Carberry,79349,Sydney,Australia
43,484-85-3577,Leonhard,Sinnott,lsinnott16@amazonaws.com,Male,867-534-9862,Memorial,763,Hobart,Australia
44,737-39-6279,Shauna,Fibben,sfibben17@indiatimes.com,Female,697-515-6062,Pierstorff,083,Strawberry Hills,Australia
45,577-36-4160,Abby,Fellgate,afellgate18@addthis.com,Female,991-623-9480,Ramsey,44427,Adelaide Mail Centre,Australia
46,307-86-4146,Rutherford,Mowsdill,rmowsdill19@rediff.com,Male,436-933-1362,Morrow,0,Sydney,Australia
47,318-72-3945,Frederico,Usher,fusher1a@examiner.com,Male,274-699-1983,Elka,77006,Adelaide Mail Centre,Australia
48,746-67-6269,Britt,Mellody,bmellody1b@cmu.edu,Female,626-794-9376,Dorton,3176,Sydney,Australia
49,815-75-0678,Vlad,Biford,vbiford1c@youtube.com,Male,701-339-9132,Sutteridge,605,Eastern Suburbs Mc,Australia
50,440-96-4450,Fayette,Coughtrey,fcoughtrey1d@vkontakte.ru,Female,363-619-5770,Barnett,789,Hobart,Australia
51,312-06-7133,Yevette,Quarton,yquarton1e@prweb.com,Female,121-398-6294,Oak Valley,86,Launceston,Australia
52,711-12-7607,Jaclyn,Aleso,jaleso1f@multiply.com,Female,557-912-6957,Calypso,93,Adelaide Mail Centre,Australia
53,468-77-4288,Obidiah,Meaker,omeaker1g@newsvine.com,Male,318-654-9541,Maryland,8407,Australia Square,Australia
54,350-76-4581,Andras,Kisting,akisting1h@edublogs.org,Male,534-555-3105,Northwestern,1,Melbourne,Australia
55,147-58-0553,Artus,Janaud,ajanaud1i@miibeian.gov.cn,Male,262-627-9082,American,9,Eastern Suburbs Mc,Australia
56,830-73-2137,Harmonie,Fliege,hfliege1j@quantcast.com,Female,375-793-5620,Hayes,9896,Launceston,Australia
57,867-72-5617,Cob,Bowller,cbowller1k@jalbum.net,Male,770-760-6684,David,693,Melbourne,Australia
58,293-16-7638,Romeo,Size,rsize1l@spiegel.de,Male,680-828-3662,Hanover,35,Strawberry Hills,Australia
59,745-18-6689,Trstram,De la Barre,tdelabarre1m@marriott.com,Non-binary,788-455-9703,Sherman,56808,Melbourne,Australia
60,180-68-7704,Ysabel,Copnell,ycopnell1n@oracle.com,Female,946-765-0808,Clove,4,Sydney,Australia
61,359-33-2805,Rafaelita,Ritchard,rritchard1o@tuttocitta.it,Female,919-692-8493,Golf,9765,Sydney,Australia
62,722-41-3663,Adelina,Leadbeatter,aleadbeatter1p@weather.com,Female,166-152-1584,North,8,Adelaide,Australia
63,132-36-8264,Marcellina,Hambrook,mhambrook1q@multiply.com,Female,862-702-0182,Glendale,77192,Hobart,Australia
64,701-29-0287,Kimbra,Alpes,kalpes1r@google.co.uk,Female,333-671-2068,Stang,15722,Sydney,Australia
65,329-95-9039,Karol,Bosley,kbosley1s@wikipedia.org,Female,778-337-6436,Packers,670,Melbourne,Australia
66,280-72-2823,Cchaddie,Matkovic,cmatkovic1t@netlog.com,Male,258-614-5122,Sunnyside,0781,Sydney,Australia
67,230-71-0031,Bessy,Trewartha,btrewartha1u@geocities.jp,Female,232-444-5346,Huxley,0617,Eastern Suburbs Mc,Australia
68,267-84-4305,Crystie,McNeigh,cmcneigh1v@unicef.org,Female,682-153-1525,Thierer,7271,Sydney,Australia
69,505-06-4182,Cortney,Emblem,cemblem1w@nsw.gov.au,Female,778-901-5428,Colorado,5562,Adelaide,Australia
70,700-19-8202,Ula,Abbiss,uabbiss1x@google.com.br,Female,126-120-7579,Hoard,0,Sydney,Australia
71,645-83-0179,Ferdinanda,Goldsack,fgoldsack1y@spiegel.de,Polygender,179-199-2694,Harbort,497,Eastern Suburbs Mc,Australia
72,211-62-3861,Ludovico,Cunnell,lcunnell1z@noaa.gov,Male,819-344-1907,Lyons,4,Strawberry Hills,Australia
73,448-98-4201,Ramon,Slyvester,rslyvester20@wordpress.com,Male,554-790-3464,Crownhardt,3606,Adelaide Mail Centre,Australia
74,736-74-0267,Haily,Groundwator,hgroundwator21@yandex.ru,Female,625-852-2745,Washington,1060,Strawberry Hills,Australia
75,869-07-9041,Graham,Zanetto,gzanetto22@oracle.com,Male,717-274-8393,Algoma,68011,Melbourne,Australia
76,665-74-7482,Guglielma,Scrooby,gscrooby23@go.com,Female,594-669-8739,Aberg,513,Adelaide,Australia
77,194-28-1044,Salomone,Bradder,sbradder24@alibaba.com,Male,580-742-3766,Riverside,2,Sydney South,Australia
78,267-02-2620,Shelley,Marusic,smarusic25@imageshack.us,Female,888-167-9547,Talmadge,60,Sydney South,Australia
79,782-21-0023,Aubine,Chaimson,achaimson26@apache.org,Female,577-403-2745,Randy,1,Adelaide Mail Centre,Australia
80,182-91-9414,Linnea,Pavic,lpavic27@yahoo.com,Female,430-989-7513,Talmadge,69,Sydney,Australia
81,879-10-1534,Shae,Maultby,smaultby28@meetup.com,Male,100-838-9289,Merchant,63,Sydney,Australia
82,231-60-2925,Cherry,Caslake,ccaslake29@sitemeter.com,Female,582-817-7929,Warbler,8932,Perth,Australia
83,289-48-9142,Ilka,McGriffin,imcgriffin2a@google.com.au,Genderfluid,774-921-9244,Bayside,66377,Australia Square,Australia
84,897-83-6353,Charity,Barnes,cbarnes2b@ca.gov,Female,148-625-1694,High Crossing,887,Adelaide,Australia
85,848-01-9094,Massimiliano,Pennington,mpennington2c@java.com,Male,576-662-4130,Pennsylvania,1067,Sydney,Australia
86,585-26-7329,Christie,Pavolillo,cpavolillo2d@cdc.gov,Female,720-714-1062,Southridge,46,Launceston,Australia
87,187-44-4055,Woody,Maldin,wmaldin2e@live.com,Male,370-201-1265,Redwing,62372,Sydney,Australia
88,542-47-0145,Ertha,Hughs,ehughs2f@lycos.com,Female,822-130-4792,Bobwhite,168,Australia Square,Australia
89,838-85-9491,Kerrie,Wickwarth,kwickwarth2g@wordpress.com,Female,515-189-8662,Fuller,57,Eastern Suburbs Mc,Australia
90,554-99-3518,Boycey,Howgate,bhowgate2h@yellowbook.com,Male,370-381-3278,Nelson,2,Sydney,Australia
91,133-42-9805,Antonin,Truss,atruss2i@mac.com,Male,540-971-3373,Judy,0,Eastern Suburbs Mc,Australia
92,363-69-7373,Wilfred,Ruegg,wruegg2j@myspace.com,Male,215-969-3549,Cody,9,Sydney,Australia
93,811-96-4434,Constantino,Behling,cbehling2k@comcast.net,Male,939-226-4471,Pearson,6315,Melbourne,Australia
94,106-52-3658,Olav,Whittingham,owhittingham2l@blogspot.com,Male,257-203-6457,Maryland,14,Adelaide Mail Centre,Australia
95,811-29-1135,Reynolds,Rowson,rrowson2m@miibeian.gov.cn,Male,701-198-7332,Springs,95934,Sydney,Australia
96,231-62-0816,Ludovico,Emslie,lemslie2n@amazon.co.jp,Male,144-607-9520,American,1,Sydney,Australia
97,380-33-3471,Arielle,Chittim,achittim2o@theatlantic.com,Female,645-486-3383,Gulseth,1600,Sydney South,Australia
98,418-32-2400,Delphinia,Bodechon,dbodechon2p@seattletimes.com,Female,807-761-2882,5th,907,Sydney,Australia
99,212-63-7394,Toinette,Perez,tperez2q@unesco.org,Female,416-870-9050,Pearson,1,Eastern Suburbs Mc,Australia
100,701-11-4976,Ortensia,Godbold,ogodbold2r@elegantthemes.com,Female,300-212-2580,Melody,8941,Sydney,Australia
